config,global_heads,local_heads,seed,global_f1,global_mAP,global_acc,SPH_f1,PTB-XL_f1,SXPH_f1,G12EC_f1,SPH_mAP,PTB-XL_mAP,SXPH_mAP,G12EC_mAP,SPH_acc,PTB-XL_acc,SXPH_acc,G12EC_acc
global0_local8,0,8,1024,0.5205891193267208,0.45796896047560176,0.3218541468064824,0.8795193422578265,0.753249253875036,0.8469394070681439,0.7637231503579952,0.6142535608068037,0.6319381816488404,0.4045159692532699,0.4719416276515842,0.8448160535117056,0.5770241850683491,0.7875654811138683,0.556809024979855
global0_local8,0,8,123,0.4867798016106176,0.46589276269125274,0.2854504289799809,0.8722198908938313,0.7735470941883767,0.8706917624052799,0.7578569290631547,0.6129128873643638,0.6335089525414792,0.40488778466657466,0.4392123015492656,0.8354515050167224,0.6072555205047319,0.8110008271298594,0.5423045930701047
global0_local8,0,8,42,0.5268224671358386,0.4364190940104728,0.33764299332697806,0.8750263435194942,0.7428847081524361,0.8804286871456165,0.7162552100032061,0.5886627998234101,0.5770757895412191,0.39934770672078673,0.42834310590022007,0.8385730211817168,0.5772870662460567,0.8253377446925834,0.5036261079774376
global0_local8,0,8,456,0.48694768918232606,0.4010011559290332,0.3054099142040038,0.8692217358812854,0.7233958538993089,0.8533184606804238,0.6940203562340967,0.5644262786942159,0.5807939279155153,0.3739548923238699,0.3937492510409187,0.835005574136009,0.5536277602523659,0.7910118555279846,0.4786462530217567
global0_local8,0,8,789,0.5185988210583373,0.46344071698737216,0.3142874165872259,0.8779264214046822,0.7668711656441718,0.8679759618363174,0.7708462013588635,0.6056656187787038,0.6319395369685414,0.41174848430272243,0.45576168436220216,0.8390189520624304,0.6012092534174553,0.8149986214502344,0.5745366639806607
global1_local7,1,7,unknown,0.0,0.0764355689290591,0.0,0.0,0.0,0.0,0.0,0.06450049577610659,0.09984529123447583,0.07210711249143305,0.09429127702187219,0.0,0.0,0.0,0.0
global1_local7,1,7,unknown,0.7105356219906966,0.5183401732571467,0.5978312678741659,0.8700634335993452,0.7159774436090226,0.8516843232948459,0.7506670619626445,0.5931901463787821,0.5992910299028894,0.4065596338945042,0.4333490730725405,0.8049052396878483,0.5081493165089379,0.7650951199338296,0.5471394037066881
global1_local7,1,7,1024,0.6954803517755761,0.4946116526224019,0.5816253574833175,0.8655601659751038,0.7213366621855195,0.8440523273501673,0.736,0.5894688859895545,0.5865360669205741,0.4014001469147638,0.43336795497557984,0.8162764771460423,0.5126182965299685,0.7644058450510064,0.5060435132957293
global1_local7,1,7,123,0.7155818754753884,0.5349403744150034,0.6046234509056244,0.8591447707367337,0.7169309657202545,0.8589790226749121,0.7285886610373945,0.5808250422356472,0.5936475104422685,0.4057679780121791,0.43227937990091936,0.8040133779264214,0.5155099894847529,0.7787427626137303,0.5100725221595488
global1_local7,1,7,42,0.6975437823548849,0.5213488301201268,0.5765610104861774,0.8697778683513349,0.7199012533232054,0.8534575420996059,0.757851482242442,0.5875338727946057,0.5985754136074951,0.40262703558638047,0.43819682800481663,0.7971014492753623,0.5144584647739222,0.7646815550041357,0.5535858178887993
global1_local7,1,7,456,0.6677053824362607,0.5208383778060017,0.5206148713060057,0.8636828121806662,0.7209280568809056,0.8456441717791411,0.7471371092541009,0.6058584822012463,0.6127473436021502,0.41110866668486545,0.42621781233488554,0.7946488294314381,0.5084121976866456,0.7769506479183899,0.5358581788879936
global1_local7,1,7,789,0.5622877883151856,0.48297284031483523,0.4346401334604385,0.8737007874015748,0.7309434705534764,0.8567746686303387,0.745085995085995,0.5991842960380869,0.6162106140716843,0.4080005238712271,0.4380433949036666,0.8365663322185062,0.5494216614090431,0.7893575958092087,0.5286059629331185
global2_local6,2,6,unknown,0.0,0.07326828602256319,0.0,0.0,0.0,0.0,0.0,0.061057437686538894,0.07725049434563713,0.08009614015133688,0.08498755808138773,0.0,0.0,0.0,0.0
global2_local6,2,6,unknown,0.6694654982953425,0.5399237840249816,0.528836987607245,0.8789070585800042,0.7402870813397129,0.8408545367258762,0.7475756685277696,0.5935900330149273,0.6089815857514449,0.40643399266178937,0.43749064475035027,0.8309921962095875,0.5470557308096741,0.7579266611524677,0.5205479452054794
global2_local6,2,6,1024,0.5395399922470604,0.4577123603928069,0.35855576739752143,0.8625451455279372,0.679718875502008,0.8579802173647576,0.696901948259342,0.5555040793114187,0.5553143126812727,0.3767543384156685,0.4138792194731444,0.8129319955406912,0.47896950578338593,0.7812241521918941,0.47300564061240935
global2_local6,2,6,123,0.6217808060977018,0.5258380023077991,0.4802192564346997,0.8690401832188216,0.73064039408867,0.8639585773284842,0.721636305528923,0.5727744383562057,0.583890858240523,0.40365996842090424,0.42265166378408026,0.8236343366778149,0.5520504731861199,0.7998345740281224,0.5076551168412571
global2_local6,2,6,42,0.7043059073453714,0.5420582305365327,0.5755481410867492,0.8764760242324674,0.7403251877911952,0.8605682771849898,0.7494186046511628,0.6061986204818585,0.6076612573836394,0.40304076740594186,0.4349688123933436,0.8236343366778149,0.5515247108307045,0.7758478081058726,0.5197421434327155
global2_local6,2,6,456,0.6899242338572883,0.5118104685279203,0.568219733079123,0.8765887658876589,0.718258534714231,0.8598482549317147,0.7465298732649366,0.5940898939820561,0.6108942770134888,0.4079067417284616,0.4504907135003278,0.8171683389074693,0.5273396424815984,0.7866004962779156,0.5358581788879936
global2_local6,2,6,789,0.6124062792877226,0.45920972165119134,0.47956387035271686,0.8543892729939242,0.6458271310906024,0.8181543846943087,0.645935960591133,0.4917374679189802,0.5135600712763413,0.3379807820538747,0.3650573808049744,0.8028985507246377,0.4340168243953733,0.7307692307692307,0.4125705076551168
global3_local5,3,5,unknown,0.0,0.054660702112827655,0.0,0.0,0.0,0.0,0.0,0.050176110217776716,0.06808630222298274,0.056597579432931255,0.06963531254629399,0.0,0.0,0.0,0.0
global3_local5,3,5,unknown,0.5649268085938773,0.450414580874425,0.39775977121067685,0.873841025106782,0.7252265710586595,0.8683518958828682,0.7084415584415584,0.5878447590117831,0.5951116115860655,0.3934246846511649,0.4342291816283552,0.8267558528428094,0.5591482649842271,0.8101736972704715,0.48751007252215955
global3_local5,3,5,1024,0.6408750591444238,0.5175396831427782,0.5,0.877811172142191,0.7297191121587114,0.8531063213186018,0.7447647951441578,0.6020077194997477,0.6224016031882896,0.4086358415777084,0.4316713091936938,0.8301003344481606,0.5431125131440588,0.7809484422387648,0.5294117647058824
global3_local5,3,5,123,0.7303664257639153,0.5503538731505142,0.6049809342230696,0.8645069274653626,0.7155792028376738,0.8408660672030289,0.7525103366804489,0.5909626664707233,0.60817165637879,0.4070452825093568,0.44388831498018194,0.7950947603121516,0.501577287066246,0.7470361180038599,0.532634971796938
global3_local5,3,5,42,0.5551534122403731,0.45777827135128735,0.3820900857959962,0.8709208064851383,0.7224432948666932,0.8682421899357735,0.7000320821302535,0.5840267832251104,0.5914423525841503,0.39588949774076754,0.41563320307428225,0.8211817168338907,0.5580967402733964,0.8092087124345189,0.48428686543110394
global3_local5,3,5,456,0.6211917288633305,0.46500682033805474,0.45412297426120113,0.878298049848785,0.7452902729719338,0.8707607699358387,0.7521764364480558,0.5996694312761838,0.6038646776982565,0.4061071884361091,0.4489067908369302,0.8365663322185062,0.5728180862250263,0.8064516129032258,0.5261885576148267
global3_local5,3,5,789,0.7048401037165082,0.5585234096688723,0.573045757864633,0.8790205436812617,0.7427184466019418,0.8539125260339184,0.736455463728191,0.6092133187854362,0.5997334307191606,0.40491554786132894,0.45144323019622734,0.8280936454849498,0.5312828601472135,0.7671629445822994,0.5213537469782433
global4_local4,4,4,unknown,0.0,0.0640414371157571,0.0,0.0,0.0,0.0,0.0,0.058956975350153075,0.08144911064933234,0.05824680511170399,0.07075322278970334,0.0,0.0,0.0,0.0
global4_local4,4,4,unknown,0.7017256890488264,0.5370154903099442,0.5766205910390848,0.8608803986710963,0.7097821933511654,0.8555851708262661,0.7307692307692307,0.5781281816286852,0.585134582818619,0.4105440972897159,0.43695761712438036,0.8100334448160535,0.5131440588853838,0.7728149986214502,0.5012087026591459
global4_local4,4,4,1024,0.6451365765978136,0.48136813536060596,0.503038608198284,0.8757297748123436,0.7399389943914199,0.8732220922356998,0.7438468550592525,0.6054208136287481,0.6025940437039008,0.40627666599258117,0.4391925028705833,0.8316610925306578,0.5704521556256572,0.808795147504825,0.5358581788879936
global4_local4,4,4,123,0.6248649760814773,0.5126547318382857,0.4746782650142993,0.8689570047315367,0.7373796896483992,0.861202709994604,0.7470817120622568,0.60133878542622,0.6123046955959195,0.41056457551756215,0.45253643572152613,0.8162764771460423,0.555205047318612,0.7805348773090709,0.532634971796938
global4_local4,4,4,42,0.7148772473485961,0.5433819709957608,0.593243565300286,0.8623796210003106,0.7305025173363732,0.8532087832099964,0.7390521895620876,0.5852785695865536,0.5892156924127103,0.4098814230055776,0.43300044454048486,0.8176142697881829,0.5281282860147214,0.7730907085745795,0.5116841257050766
global4_local4,4,4,456,0.6276998242321328,0.4998111393082426,0.4746782650142993,0.8764138217287538,0.7299077733860343,0.8596772206480227,0.7448754336171555,0.6025881155748563,0.610732830476852,0.4053314378559879,0.44825778037752667,0.8283166109253066,0.5399579390115667,0.793631100082713,0.5447219983883964
global4_local4,4,4,789,0.6684569766140763,0.47672393312879235,0.5445662535748331,0.8655435806215339,0.6933797909407665,0.8357435526632924,0.6871489924017179,0.5469133846801009,0.5480151979052985,0.3746132761754378,0.39230939621226996,0.8185061315496098,0.491062039957939,0.7460711331679074,0.46978243352135374
global5_local3,5,3,unknown,0.0,0.05815973007972862,0.0,0.0,0.0,0.0,0.0,0.052485058704967356,0.07099789741359834,0.05892804143120647,0.06801199799299118,0.0,0.0,0.0,0.0
global5_local3,5,3,unknown,0.5402082633523682,0.44471911691009575,0.35355100095328884,0.8748303580749557,0.7230524008766687,0.8650458943190276,0.7113237639553429,0.5902674814640037,0.6050578277271796,0.40195741167781873,0.4271200740741949,0.8336677814938684,0.5449526813880127,0.8052109181141439,0.4939564867042707
global5_local3,5,3,1024,0.5766294017204162,0.4832495790553031,0.392278360343184,0.8751951701884043,0.7480810864003149,0.8649776087356604,0.7396413110698825,0.596129722754566,0.6182210637984416,0.40422081340842714,0.424637329147526,0.8323299888517279,0.57465825446898,0.7999724290046871,0.5173247381144238
global5_local3,5,3,123,0.6708398848903788,0.5025884583751745,0.5254408960915157,0.8761491581448198,0.7420770355923939,0.8647387486952784,0.7520098948670377,0.598408489500285,0.6022001119234603,0.40688944374999414,0.4454109111161418,0.8251950947603122,0.5665089379600421,0.8016266887234629,0.5503626107977437
global5_local3,5,3,42,0.5467927076299798,0.4577045421641124,0.36278598665395617,0.878273622459669,0.7224827861490869,0.8553892403081356,0.7023411371237458,0.5849995941651275,0.6271298561512261,0.39822017229605805,0.41691375243869044,0.8343366778149387,0.5525762355415352,0.7996967190515578,0.47542304593070106
global5_local3,5,3,456,0.6390290224939166,0.46266545850203,0.48587940896091514,0.8711010121875645,0.7344306478005583,0.8640753259295026,0.7264314632735686,0.5826477966268959,0.5950003905780628,0.4035390092585681,0.43172569462728794,0.8238573021181717,0.5678233438485805,0.7958367797077475,0.4939564867042707
global5_local3,5,3,789,0.6625830986733242,0.5145846068109701,0.5170400381315539,0.8872787496118414,0.7525456292026897,0.860957421217224,0.7396668723010488,0.5952593071336315,0.6211066512243779,0.4100237458792817,0.43439376655878925,0.8416945373467113,0.5759726603575184,0.7856355114419631,0.532634971796938
global6_local2,6,2,unknown,0.0,0.07703297141838196,0.0,0.0,0.0,0.0,0.0,0.06434127386628768,0.08175128148320195,0.08016817900250625,0.09119063090617814,0.0,0.0,0.0,0.0
global6_local2,6,2,unknown,0.6189382103360598,0.5018885147400318,0.44161105815061963,0.8777188052867104,0.7499260136134951,0.8630079091951941,0.755741127348643,0.6056359532689728,0.6078122792863035,0.40475207423925974,0.44066320505012974,0.8343366778149387,0.5830704521556257,0.7826027019575407,0.5487510072522159
global6_local2,6,2,1024,0.5646558563132675,0.4403934009942234,0.3861415633937083,0.8665045978226403,0.698004254888056,0.8662578207272502,0.6892287666775139,0.5514447566208227,0.5610888159745576,0.3691830944213622,0.3819116443426699,0.8205128205128205,0.5105152471083071,0.8017645437000276,0.45769540692989524
global6_local2,6,2,123,0.579225352112676,0.43922305176717896,0.4463179218303146,0.8739530988274706,0.7197692919649961,0.8772601049058932,0.7117460317460318,0.5842200119686191,0.5761919216434046,0.4023742144215497,0.41687225192687977,0.8356744704570791,0.5415352260778128,0.8141714915908465,0.5036261079774376
global6_local2,6,2,42,0.5831279181045733,0.4783446742017549,0.43338894184938037,0.877035490605428,0.7247733255337818,0.8682275067418485,0.7337740384615384,0.590452661701495,0.6400481943424781,0.4043369498053682,0.42582782240176603,0.8334448160535117,0.5318086225026288,0.8020402536531569,0.5060435132957293
global6_local2,6,2,456,0.6173254835996635,0.4691270432185095,0.481708770257388,0.8816309548574994,0.7378149625449947,0.8644224259954458,0.7488855869242199,0.6055265499373603,0.6070001045118261,0.3979535396316211,0.4384619102410072,0.8374581939799332,0.5481072555205048,0.7974910394265233,0.5269943593875906
global6_local2,6,2,789,0.5315456907335536,0.3630162820547,0.3674928503336511,0.8488578283091687,0.6225641025641026,0.8062990165567036,0.6522441072005166,0.49756352740113535,0.5001708075458359,0.34779914072170554,0.3727831465432945,0.7928651059085842,0.41430073606729756,0.7433140336366143,0.42949234488315874
global7_local1,7,1,unknown,0.0,0.0782248587507842,0.0,0.0,0.0,0.0,0.0,0.06665024701290664,0.09950016022548494,0.07367135453297975,0.09826095459964375,0.0,0.0,0.0,0.0
global7_local1,7,1,unknown,0.6610764326091033,0.4628150425165769,0.533663012392755,0.8752839149287631,0.7263853000287109,0.8628310502283105,0.752019144481005,0.594879792620502,0.5905832401844545,0.4027456800452118,0.43185569906298227,0.8285395763656633,0.5344374342797056,0.793631100082713,0.5495568090249798
global7_local1,7,1,1024,0.6238857321586821,0.45865521772773626,0.45739990467111535,0.8757457313310019,0.7156506783871585,0.8629901960784314,0.7367164179104477,0.5917650459856343,0.5949130192735153,0.397503939478226,0.434004587464082,0.8247491638795986,0.5215562565720294,0.7911497105045492,0.5181305398871877
global7_local1,7,1,123,0.6829519295870007,0.46278659757503215,0.5444470924690181,0.8764578387862525,0.7160635650009574,0.8662762323084432,0.7473942366646229,0.5984629462750176,0.5946101603094072,0.40380517394062404,0.44197181201422475,0.8256410256410256,0.5289169295478444,0.7995588640749931,0.5447219983883964
global7_local1,7,1,42,0.6519015778206517,0.46538534192259984,0.5039918970448046,0.8753736728172353,0.7341796315739239,0.8637751985339035,0.7429934406678592,0.5930284901704936,0.5804963826558416,0.3960527183327541,0.4261353915176846,0.8263099219620959,0.5494216614090431,0.7981803143093466,0.5414987912973409
global7_local1,7,1,456,0.596560552092609,0.4598363458907418,0.4646091515729266,0.8770909090909091,0.7252108170979936,0.8666624835288951,0.7258167841127482,0.6025096325646309,0.6053252326838376,0.404171341588898,0.4385319032271157,0.8289855072463768,0.5417981072555205,0.8083815825751309,0.5181305398871877
global7_local1,7,1,789,0.6160192506015812,0.4522660898651364,0.4680648236415634,0.8705343193417352,0.7228600201409869,0.8794640113098531,0.7246376811594203,0.5856618419031083,0.605212271727037,0.40816220153641913,0.43782242459580073,0.8234113712374582,0.545478443743428,0.8205128205128205,0.5092667203867849
global8_local0,8,0,1024,0.7323138708680877,0.558604406583017,0.6272044804575786,0.8240779991521832,0.572987721691678,0.7777313183202915,0.6978967495219885,0.585740049980881,0.5784362477087963,0.40276678076355815,0.44431056289121323,0.7500557413600892,0.38170347003154576,0.7014061207609594,0.5020145044319098
global8_local0,8,0,123,0.730801729708236,0.5603315973227135,0.5931839847473784,0.789420957723903,0.5812917594654788,0.7916739548714361,0.6836070653858073,0.5754827825999862,0.5788061062329598,0.40375405486848487,0.4246681122314359,0.6693422519509477,0.36198738170347006,0.6874827681279294,0.47542304593070106
global8_local0,8,0,42,0.7247332886667011,0.5414230989772898,0.6179694947569113,0.7959703075291622,0.5456834155040386,0.7967616191904048,0.6723484848484849,0.556803373161669,0.5429901124444283,0.4010093805796237,0.4275981701393137,0.7168338907469343,0.35962145110410093,0.7180865729252826,0.467365028203062
global8_local0,8,0,456,0.7065476808135311,0.5137447781429458,0.5921711153479504,0.7837003936588999,0.539349871685201,0.7658730158730159,0.6597156398104266,0.5684273352265595,0.5259503713712494,0.3777313349647512,0.39133861512452145,0.6813823857302118,0.3351735015772871,0.6954783567686793,0.4536663980660757
global8_local0,8,0,789,0.73965171985501,0.5663276401990918,0.6308984747378455,0.840885578315746,0.5940026609354211,0.7736610853817837,0.6992433795712484,0.5769302304243785,0.5968543873444312,0.3984053349004912,0.4415366642723182,0.767670011148272,0.39695057833859093,0.6891370278467053,0.5132957292506044
